flag,received_chunks
0001v,5
0002v,5
0003v,5
0004v,5
0005v,5
0006v,5
0007v,5
0008v,5
0009v,5
0010v,5
0011v,5
0012v,5
0013v,5
0014v,5
0015v,5
0016v,5
0017v,5
0018v,5
0019v,5
0020v,5
0021v,5
0022v,5
0023v,5
0024v,5
0025v,5
0026v,5
0027v,5
0028v,5
0029v,5
0030v,5
0031v,5
0032v,5
0033v,5
0034v,5
0035v,5
0036v,5
0037v,5
0038v,5
0039v,5
0040v,5
0041v,5
0042v,5
0043v,5
0044v,5
0045v,5
0046v,5
0047v,5
0048v,5
0049v,5
0050v,5
0051v,5
0052v,5
0053v,5
0054v,5
0055v,5
0056v,5
0057v,5
0058v,5
0059v,5
0060v,5
0061v,5
0062v,5
0063v,5
0064v,5
0065v,5
0066v,5
0067v,5
0068v,5
0069v,5
0070v,5
0071v,5
0072v,5
0073v,5
0074v,5
0075v,5
0076v,5
0077v,5
0078v,5
0079v,5
0080v,5
0081v,5
0082v,5
0083v,5
0084v,5
0085v,5
0086v,5
0087v,5
0088v,5
0089v,5
0090v,5
0091v,5
0092v,5
0093v,5
0094v,5
0095v,5
0096v,5
0097v,5
0098v,5
0099v,5
0100v,5
0101c,5
0102c,5
0103c,5
0104c,5
0105c,5
0106c,5
0107c,5
0108c,5
0109c,5
0110c,5
0111c,5
0112c,5
0113c,5
0114c,5
0115c,5
0116c,5
0117c,5
0118c,5
0119c,5
0120c,5
0121c,5
0122c,5
0123c,5
0124c,5
0125c,5
0126c,5
0127c,5
0128c,5
0129c,5
0130c,5
0131c,5
0132c,5
0133c,5
0134c,5
0135c,5
0136c,5
0137c,5
0138c,5
0139c,5
0140c,5
0141c,5
0142c,5
0143c,5
0144c,5
0145c,5
0146c,5
0147c,5
0148c,5
0149c,5
0150c,5
0151c,5
0152c,5
0153c,5
0154c,5
0155c,5
0156c,5
0157c,5
0158c,5
0159c,5
0160c,5
0161c,5
0162c,5
0163c,5
0164c,5
0165c,5
0166c,5
0167c,5
0168c,5
0169c,5
0170c,5
0171c,5
0172c,5
0173c,5
0174c,5
0175c,5
0176c,5
0177c,5
0178c,5
0179c,5
0180c,5
0181c,5
0182c,5
0183c,5
0184c,5
0185c,5
0186c,5
0187c,5
0188c,5
0189c,5
0190c,5
0191c,5
0192c,5
0193c,5
0194c,5
0195c,5
0196c,5
0197c,5
0198c,5
0199c,5
0200c,5
0201q,5
0201t,4
0202q,5
0202t,4
0203q,5
0203t,4
0204q,5
0204t,4
0205q,5
0205t,4
0206q,5
0206t,4
0207q,5
0207t,4
0208q,5
0208t,4
0209q,5
0209t,4
0210q,5
0210t,4
0211q,5
0211t,4
0212q,5
0212t,4
0213q,5
0213t,4
0214q,5
0214t,4
0215q,5
0215t,4
0216q,5
0216t,4
0217q,5
0217t,4
0218q,5
0218t,4
0219q,5
0219t,4
0220q,5
0220t,4
0221q,5
0221t,4
0222q,5
0222t,4
0223q,5
0223t,4
0224q,5
0224t,4
0225q,5
0225t,4
0226q,5
0226t,4
0227q,5
0227t,4
0228q,5
0228t,4
0229q,5
0229t,4
0230q,5
0230t,4
0231q,5
0231t,4
0232q,5
0232t,4
0233q,5
0233t,4
0234q,5
0234t,4
0235q,5
0235t,4
0236q,5
0236t,4
0237q,5
0237t,4
0238q,5
0238t,4
0239q,5
0239t,4
0240q,5
0240t,4
0241q,5
0241t,4
0242q,5
0242t,4
0243q,5
0243t,4
0244q,5
0244t,4
0245q,5
0245t,4
0246q,5
0246t,4
0247q,5
0247t,4
0248q,5
0248t,4
0249q,5
0249t,4
0250q,5
0250t,4
0251q,5
0251t,4
0252q,5
0252t,4
0253q,5
0253t,4
0254q,5
0254t,4
0255q,5
0255t,4
0256q,5
0256t,4
0257q,5
0257t,4
0258q,5
0258t,4
0259q,5
0259t,4
0260q,5
0260t,4
0261q,5
0261t,4
0262q,5
0262t,4
0263q,5
0263t,4
0264q,5
0264t,4
0265q,5
0265t,4
0266q,5
0266t,4
0267q,5
0267t,4
0268q,5
0268t,4
0269q,5
0269t,4
0270q,5
0270t,4
0271q,5
0271t,4
0272q,5
0272t,4
0273q,5
0273t,4
0274q,5
0274t,4
0275q,5
0275t,4
0276q,5
0276t,4
0277q,5
0277t,4
0278q,5
0278t,4
0279q,5
0279t,4
0280q,5
0280t,4
0281q,5
0281t,4
0282q,5
0282t,4
0283q,5
0283t,4
0284q,5
0284t,4
0285q,5
0285t,4
0286q,5
0286t,4
0287q,5
0287t,4
0288q,5
0288t,4
0289q,5
0289t,4
0290q,5
0290t,4
0291q,4
0291t,4
0292q,5
0292t,4
0293q,5
0293t,4
0294q,5
0294t,4
0295q,5
0295t,4
0296q,5
0296t,4
0297q,5
0297t,4
0298q,5
0298t,4
0299q,5
0299t,4
0300q,5
0300t,4
